item_id	i_genre_c	i_title_c
1	145	2882
2	115	1504
3	206	1216
4	185	2986
5	176	960
6	63	1278
7	206	2448
8	106	2862
9	1	2714
10	37	1163
11	187	123
12	195	821
13	144	238
14	238	2021
15	29	690
16	259	511
17	251	2491
18	295	1040
19	176	39
20	1	1862
21	47	1114
22	224	640
23	295	191
24	257	2241
25	251	1609
26	238	2098
27	238	2040
28	287	2165
29	138	580
30	238	2524
31	238	708
32	257	2915
33	161	212
34	251	509
35	238	728
36	234	41
37	176	1457
38	206	601
39	238	681
40	261	2372
41	57	732
42	238	2360
43	2	1874
44	185	2854
45	251	1365
46	233	2497
47	153	2208
48	251	3034
49	233	2955
50	176	1824
51	238	1582
52	160	329
53	238	1107
54	238	1333
55	251	2238
56	115	1427
57	259	918
58	238	1883
59	176	802
60	206	2928
61	176	342
62	292	1603
63	206	1057
64	176	1061
65	46	1075
66	1	931
67	185	1528
68	245	1850
69	251	280
70	292	2478
71	234	1994
72	238	671
73	259	1513
74	238	3044
75	221	2807
76	238	161
77	238	2072
78	185	1597
79	251	151
80	126	3049
81	160	845
82	176	356
83	92	1993
84	259	1767
85	206	2958
86	238	275
87	92	459
88	176	1415
89	238	1264
90	234	1287
91	259	575
92	176	414
93	176	1892
94	295	2942
95	176	1251
96	251	450
97	185	2026
98	111	1912
99	73	433
100	259	2771
101	16	2432
102	247	286
103	234	157
104	215	3120
105	206	1403
106	238	424
107	206	408
108	248	563
109	238	2657
110	176	1010
111	115	1981
112	234	1511
113	206	2188
114	295	1468
115	176	813
116	234	1079
117	251	2949
118	176	344
119	176	465
120	1	227
121	106	111
122	238	256
123	238	208
124	224	110
125	238	168
126	254	2386
127	271	46
128	10	261
129	238	294
130	261	317
131	176	390
132	213	494
133	106	512
134	238	595
135	28	626
136	260	663
137	234	678
138	84	761
139	227	770
140	92	780
141	185	804
142	20	990
143	112	1051
144	63	1228
145	176	1480
146	87	1493
147	33	1499
148	176	1514
149	238	1533
150	176	1656
151	271	1671
152	176	1685
153	176	1730
154	41	1828
155	251	1870
156	295	1924
157	238	1959
158	292	1976
159	176	2017
160	176	2136
161	271	2275
162	176	2335
163	295	2449
164	238	2468
165	238	2539
166	238	2581
167	187	2606
168	275	2631
169	238	2675
170	62	2699
171	245	2934
172	238	2828
173	251	2873
174	176	2859
175	1	2937
176	185	2945
177	234	2948
178	251	2989
179	2	3006
180	238	3046
181	297	3061
182	238	466
183	238	478
184	238	287
185	251	285
186	176	340
187	259	218
188	185	425
189	238	687
190	251	570
191	176	592
192	187	801
193	259	788
194	1	833
195	259	743
196	259	800
197	176	842
198	185	857
199	238	914
200	176	910
201	185	859
202	206	1056
203	206	1037
204	106	945
205	148	1177
206	295	1307
207	167	1013
208	245	952
209	234	1342
210	240	1283
211	176	1360
212	251	1407
213	160	1286
214	1	1376
215	206	1397
216	243	1441
217	238	1479
218	176	1484
219	210	1510
220	286	1515
221	109	1529
222	224	1557
223	24	2669
224	238	1651
225	167	1645
226	238	1579
227	251	1632
228	255	1612
229	176	1726
230	238	1644
231	238	1933
232	251	1687
233	238	1677
234	238	1720
235	243	1768
236	176	1852
237	206	1832
238	238	1839
239	176	1813
240	238	1936
241	259	1916
242	238	2027
243	238	1974
244	216	1984
245	92	1968
246	206	2084
247	216	2073
248	295	2212
249	71	2107
250	222	2270
251	206	2157
252	206	2292
253	216	2281
254	238	2123
255	176	2290
256	238	2253
257	238	2302
258	251	2186
259	251	2295
260	39	2300
261	185	2417
262	176	2328
263	238	2822
264	238	2821
265	238	2823
266	238	2338
267	176	2710
268	144	2738
269	238	2488
270	1	2630
271	33	2673
272	162	2459
273	238	2525
274	295	2520
275	270	2736
276	238	2702
277	185	2743
278	176	2720
279	176	1966
280	238	2857
281	50	2764
282	271	2754
283	33	2664
284	195	2757
285	238	2860
286	275	2975
287	176	2865
288	238	2961
289	286	2941
290	261	2993
291	238	3029
292	292	2978
293	206	3042
294	126	3000
295	238	807
296	206	1919
297	159	216
298	176	38
299	185	52
300	245	225
301	238	347
302	176	475
303	37	590
304	250	593
305	187	641
306	176	668
307	84	673
308	238	602
309	160	1007
310	209	1038
311	206	1041
312	238	1314
313	187	1386
314	43	1387
315	251	1455
316	118	1507
317	234	3094
318	152	1637
319	238	1640
320	271	3019
321	180	1770
322	55	1779
323	238	1897
324	176	1962
325	185	2125
326	185	2331
327	295	2339
328	160	2373
329	238	2451
330	92	2380
331	84	2634
332	206	2633
333	86	2843
334	13	2904
335	238	3036
336	243	3087
337	297	3104
338	1	228
339	238	2443
340	43	1705
341	238	421
342	254	608
343	47	955
344	216	1473
345	106	2484
346	1	2703
347	1	607
348	86	1316
349	238	967
350	277	1419
351	238	28
352	238	34
353	176	43
354	238	63
355	176	72
356	176	71
357	212	160
358	297	229
359	206	250
360	238	288
361	176	313
362	43	314
363	106	349
364	295	369
365	92	380
366	238	383
367	251	387
368	276	399
369	283	418
370	238	462
371	176	489
372	216	504
373	214	577
374	176	588
375	16	594
376	210	624
377	259	611
378	43	648
379	206	716
380	176	724
381	86	756
382	234	881
383	206	898
384	176	958
385	251	949
386	238	966
387	176	965
388	185	3082
389	248	1003
390	238	3058
391	176	1025
392	259	987
393	112	1050
394	238	1060
395	92	1080
396	262	1109
397	1	1116
398	251	1143
399	2	1169
400	224	1219
401	18	1257
402	73	1280
403	54	1348
404	176	1653
405	206	886
406	251	1357
407	206	1371
408	185	1394
409	213	1414
410	92	1418
411	238	1420
412	185	1433
413	238	3030
414	1	1500
415	33	1512
416	259	1517
417	295	1540
418	238	1554
419	106	1587
420	43	1588
421	176	1626
422	214	1631
423	238	1710
424	176	1718
425	295	1729
426	238	1738
427	202	1749
428	57	1802
429	92	909
430	238	1421
431	187	3026
432	206	1899
433	251	1885
434	206	1891
435	176	1895
436	238	1960
437	41	1989
438	238	1983
439	86	2022
440	176	2029
441	238	2094
442	64	2162
443	238	2180
444	251	2183
445	238	2209
446	64	2271
447	275	2387
448	203	2304
449	176	2344
450	238	2347
451	190	2349
452	66	2377
453	176	2384
454	292	2393
455	176	2389
456	233	2409
457	64	2412
458	238	2427
459	238	2428
460	238	2452
461	261	2471
462	238	2474
463	238	2483
464	167	2486
465	181	2493
466	1	2507
467	251	2508
468	238	2537
469	238	2546
470	185	2554
471	238	2558
472	206	2568
473	295	2575
474	268	361
475	176	2609
476	208	2589
477	1	2706
478	8	2724
479	37	2734
480	1	2780
481	234	2812
482	206	2830
483	163	2006
484	9	2826
485	297	2863
486	295	2893
487	61	2905
488	234	2997
489	4	2114
490	238	270
491	295	1536
492	185	3018
493	238	1108
494	176	541
495	271	667
496	238	1535
497	185	320
498	160	1638
499	185	2573
500	238	3013
501	238	565
502	185	2627
503	160	1647
504	106	145
505	238	2260
506	234	526
507	185	735
508	176	427
509	160	1329
510	208	1117
511	146	79
512	87	2781
513	130	704
514	17	260
515	259	2542
516	152	2587
517	152	278
518	144	2192
519	206	2249
520	176	3071
521	297	3062
522	295	1699
523	234	1196
524	176	486
525	251	2076
526	271	498
527	224	951
528	106	1335
529	5	1285
530	76	1293
531	176	2119
532	251	1472
533	238	435
534	144	177
535	238	1011
536	176	858
537	238	1938
538	259	1598
539	259	2254
540	152	96
541	296	1585
542	176	757
543	185	937
544	176	2505
545	287	1463
546	176	1130
547	259	774
548	238	1975
549	261	646
550	27	1847
551	185	606
552	238	1857
553	23	822
554	176	861
555	233	2288
556	152	1471
557	295	963
558	176	1534
559	296	2940
560	1	378
561	238	2141
562	238	165
563	238	3100
564	210	1954
565	98	2624
566	138	249
567	259	2599
568	291	107
569	215	589
570	238	1458
571	15	2088
572	206	1898
573	87	2598
574	1	2713
575	286	2901
576	251	968
577	176	153
578	238	929
579	2	2299
580	176	643
581	228	1901
582	206	2908
583	144	2058
584	176	527
585	106	1008
586	297	727
587	238	1346
588	215	2748
589	210	2980
590	176	1902
591	143	2995
592	234	1266
593	243	651
594	176	1205
595	176	605
596	286	1282
597	37	2394
598	195	529
599	31	2921
600	86	248
601	158	1121
602	277	2808
603	176	2644
604	155	599
605	264	1033
606	176	2711
607	87	183
608	294	818
609	176	503
610	185	1866
611	106	1157
612	167	1543
613	234	1783
614	296	2650
615	96	2177
616	177	2708
617	251	1284
618	185	1461
619	238	1390
620	238	1190
621	234	1760
622	185	2972
623	238	2886
624	251	3
625	90	1425
626	238	2679
627	295	938
628	152	1373
629	176	490
630	176	1555
631	92	888
632	194	2045
633	37	720
634	195	1074
635	247	1664
636	160	1261
637	251	2179
638	287	2994
639	206	2529
640	238	2842
641	238	113
642	206	2350
643	106	81
644	2	1002
645	176	316
646	176	1586
647	176	2968
648	238	1523
649	106	51
650	200	1492
651	176	991
652	238	2693
653	259	2319
654	176	1313
655	238	1043
656	37	532
657	160	1775
658	187	873
659	92	674
660	176	1351
661	271	921
662	271	2755
663	238	1009
664	238	2640
665	34	891
666	216	692
667	238	257
668	206	2844
669	238	235
670	57	1146
671	176	1784
672	92	2725
673	238	1750
674	176	524
675	185	3059
676	222	415
677	215	1519
678	176	1165
679	238	2037
680	1	2222
681	238	1134
682	271	2346
683	292	1450
684	160	989
685	259	2896
686	168	401
687	1	474
688	144	1583
689	277	1237
690	187	2913
691	238	1879
692	238	3064
693	141	1027
694	206	2181
695	279	2550
696	279	129
697	200	1087
698	251	439
699	286	2966
700	286	2332
701	176	1456
702	286	1098
703	201	1101
704	259	2031
705	185	166
706	177	2601
707	204	537
708	254	510
709	265	1731
710	279	1935
711	206	2447
712	206	2406
713	167	1646
714	278	1794
715	113	3086
716	254	1167
717	176	1939
718	264	2722
719	238	572
720	249	16
721	136	1161
722	238	93
723	176	3092
724	288	2333
725	295	1035
726	267	2038
727	283	2636
728	287	57
729	208	2853
730	176	959
731	200	243
732	206	2019
733	206	1700
734	278	1127
735	2	53
736	96	1758
737	226	1601
738	251	1119
739	238	1681
740	201	2868
741	190	2852
742	176	1947
743	238	1126
744	238	853
745	282	2802
746	176	1319
747	120	182
748	238	1459
749	238	1890
750	176	455
751	251	2155
752	238	2467
753	202	1578
754	238	2051
755	216	149
756	238	1641
757	216	2797
758	278	1438
759	297	148
760	295	19
761	238	2990
762	297	2109
763	275	2002
764	32	59
765	185	272
766	238	517
767	238	1793
768	251	83
769	289	950
770	238	382
771	238	2184
772	185	2228
773	106	1014
774	251	370
775	185	1183
776	37	1782
777	261	1815
778	238	334
779	74	1593
780	259	520
781	56	2496
782	215	12
783	215	686
784	176	860
785	259	916
786	92	1139
787	160	696
788	238	533
789	166	171
790	297	717
791	115	894
792	160	1688
793	107	1301
794	167	2057
795	167	2131
796	161	2224
797	106	1336
798	160	2515
799	106	2746
800	164	2789
801	116	14
802	176	638
803	160	152
804	152	568
805	144	3076
806	152	2820
807	144	2749
808	167	2588
809	238	2390
810	163	1766
811	152	843
812	101	2169
813	117	281
814	152	85
815	144	1042
816	215	1054
817	278	2618
818	92	778
819	87	1604
820	238	2489
821	176	2792
822	251	2855
823	238	2733
824	251	277
825	92	1667
826	2	1120
827	235	1670
828	238	2890
829	216	2028
830	238	1115
831	238	1498
832	201	903
833	238	348
834	251	3068
835	185	2745
836	216	2566
837	238	1494
838	145	80
839	201	2518
840	201	700
841	225	670
842	270	1918
843	108	3070
844	295	1434
845	210	2565
846	213	242
847	176	992
848	176	1868
849	200	2971
850	238	495
851	200	1203
852	216	406
853	126	2056
854	286	775
855	278	1716
856	279	785
857	233	2359
858	261	2200
859	176	3015
860	286	255
861	245	805
862	254	682
863	238	1138
864	238	2615
865	169	848
866	238	559
867	82	722
868	82	2867
869	238	2334
870	238	2704
871	271	552
872	234	1817
873	64	2122
874	176	194
875	238	1084
876	238	2551
877	238	868
878	238	837
879	238	2156
880	234	2159
881	238	2064
882	176	2366
883	192	831
884	34	37
885	271	1019
886	34	892
887	271	1369
888	238	1478
889	238	1751
890	176	2263
891	176	1867
892	234	698
893	234	1636
894	234	3035
895	154	3102
896	238	2364
897	155	962
898	228	1270
899	264	2323
900	264	2750
901	238	2845
902	176	2431
903	238	1835
904	176	736
905	234	114
906	176	394
907	187	569
908	238	634
909	210	754
910	238	810
911	238	876
912	261	2142
913	217	1212
914	176	1273
915	254	885
916	213	1791
917	238	1942
918	238	2504
919	238	2137
920	206	2705
921	234	2801
922	238	2835
923	234	1721
924	234	2134
925	238	2077
926	176	2951
927	21	2670
928	13	2259
929	2	2307
930	291	434
931	88	90
932	95	1173
933	176	3083
934	238	9
935	141	1605
936	40	2887
937	291	597
938	238	2856
939	261	167
940	297	2071
941	30	2671
942	187	3074
943	286	2809
944	216	1174
945	77	86
946	12	181
947	136	324
948	261	2317
949	92	1538
950	277	2276
951	49	392
952	57	1147
953	73	1081
954	154	1186
955	261	1296
956	238	109
957	206	2301
958	224	2070
959	238	2306
960	206	158
961	238	2376
962	284	2651
963	73	393
964	177	2691
965	176	1260
966	185	2907
967	238	2502
968	176	1658
969	87	2782
970	195	429
971	73	1140
972	185	2421
973	187	1748
974	238	1833
975	238	731
976	251	1184
977	228	2876
978	295	2014
979	261	449
980	238	25
981	266	556
982	257	719
983	96	2889
984	195	232
985	213	838
986	176	311
987	271	2534
988	121	2653
989	228	1708
990	11	905
991	141	1198
992	261	752
993	67	791
994	206	1215
995	297	2943
996	270	1747
997	238	2282
998	205	184
999	210	222
1000	238	1070
1001	261	2145
1002	185	814
1003	105	78
1004	2	1315
1005	185	637
1006	68	693
1007	195	3117
1008	185	2003
1009	238	2311
1010	176	1197
1011	152	941
1012	297	1311
1013	265	336
1014	176	1279
1015	251	2607
1016	19	296
1017	186	2814
1018	237	1564
1019	251	2600
1020	2	1428
1021	176	290
1022	238	1095
1023	213	1709
1024	238	2935
1025	251	2416
1026	176	2330
1027	246	2191
1028	261	1539
1029	238	1945
1030	291	1031
1031	238	973
1032	96	1737
1033	55	482
1034	238	2135
1035	257	2946
1036	206	3033
1037	234	1381
1038	238	970
1039	176	1395
1040	77	91
1041	271	127
1042	271	132
1043	271	131
1044	271	374
1045	195	173
1046	271	199
1047	277	291
1048	271	345
1049	275	371
1050	271	396
1051	271	398
1052	274	430
1053	271	445
1054	271	479
1055	271	497
1056	295	500
1057	270	499
1058	271	508
1059	271	515
1060	271	2011
1061	271	2032
1062	271	2033
1063	271	2062
1064	238	372
1065	233	82
1066	206	1840
1067	238	442
1068	277	2013
1069	33	2663
1070	251	2533
1071	259	2572
1072	107	1489
1073	234	2128
1074	238	1097
1075	238	2244
1076	238	2375
1077	238	675
1078	160	8
1079	92	779
1080	33	2666
1081	33	2662
1082	33	2661
1083	33	2667
1084	33	2659
1085	33	2660
1086	10	262
1087	55	3118
1088	55	3119
1089	201	1193
1090	201	1194
1091	64	1759
1092	1	2936
1093	75	1475
1094	75	1476
1095	75	1477
1096	176	1940
1097	53	1763
1098	185	573
1099	251	1485
1100	176	2314
1101	185	2846
1102	223	2584
1103	238	258
1104	289	1411
1105	238	1765
1106	238	1125
1107	216	1995
1108	154	279
1109	238	694
1110	277	2475
1111	85	1600
1112	206	1814
1113	185	899
1114	238	1241
1115	238	2602
1116	238	3055
1117	176	1878
1118	221	2800
1119	245	906
1120	238	2236
1121	238	2992
1122	234	1806
1123	234	1191
1124	286	1915
1125	238	1277
1126	176	975
1127	295	2911
1128	238	146
1129	1	1466
1130	43	315
1131	1	1809
1132	238	528
1133	92	709
1134	176	1795
1135	176	134
1136	206	300
1137	238	2247
1138	213	1786
1139	176	1563
1140	215	1211
1141	176	2985
1142	296	2262
1143	206	273
1144	176	2712
1145	176	2166
1146	206	1021
1147	287	2875
1148	286	36
1149	164	2790
1150	176	2963
1151	206	2791
1152	282	1680
1153	238	2423
1154	216	803
1155	206	410
1156	233	579
1157	45	306
1158	160	1509
1159	287	1518
1160	185	2264
1161	287	1691
1162	84	2453
1163	71	2580
1164	185	2960
1165	259	652
1166	282	723
1167	176	1618
1168	245	2490
1169	72	773
1170	152	519
1171	287	1698
1172	251	155
1173	1	811
1174	251	1443
1175	37	135
1176	177	1214
1177	287	1559
1178	176	27
1179	238	1325
1180	261	2129
1181	238	2888
1182	238	97
1183	176	30
1184	176	2413
1185	259	2981
1186	176	554
1187	176	201
1188	92	436
1189	61	2909
1190	7	3001
1191	176	961
1192	86	976
1193	238	2041
1194	238	1676
1195	238	2273
1196	251	1701
1197	176	2519
1198	206	45
1199	187	432
1200	34	1683
1201	238	2229
1202	176	2472
1203	167	2532
1204	251	2424
1205	206	2892
1206	112	467
1207	37	621
1208	251	2189
1209	84	2635
1210	16	259
1211	238	824
1212	206	2419
1213	212	1271
1214	99	1302
1215	206	1927
1216	291	2785
1217	206	3037
1218	238	630
1219	87	928
1220	238	1092
1221	14	1801
1222	176	2105
1223	106	3060
1224	170	2547
1225	257	629
1226	176	1693
1227	73	1091
1228	2	622
1229	160	1106
1230	219	639
1231	80	900
1232	34	2629
1233	160	68
1234	206	2187
1235	238	1416
1236	238	502
1237	79	628
1238	224	762
1239	1	2683
1240	251	2528
1241	217	1340
1242	292	1834
1243	43	1861
1244	136	908
1245	2	1569
1246	92	70
1247	238	11
1248	92	1375
1249	238	1950
1250	176	1556
1251	238	2658
1252	176	1409
1253	140	863
1254	93	2149
1255	227	1572
1256	261	2501
1257	224	1558
1258	238	2616
1259	271	3081
1260	238	2817
1261	286	1094
1262	71	982
1263	59	2929
1264	206	1773
1265	295	193
1266	238	2933
1267	238	1398
1268	251	542
1269	176	1364
1270	176	1082
1271	185	1426
1272	251	1893
1273	273	1385
1274	230	771
1275	176	2395
1276	233	2203
1277	189	1356
1278	234	954
1279	238	3002
1280	238	2777
1281	258	1100
1282	168	932
1283	271	2178
1284	287	2742
1285	234	3095
1286	288	1623
1287	238	897
1288	295	2747
1289	215	1096
1290	176	2707
1291	176	269
1292	287	1372
1293	64	1712
1294	238	2079
1295	287	2763
1296	261	3017
1297	215	744
1298	238	2310
1299	238	407
1300	253	3085
1301	36	2676
1302	176	664
1303	238	1497
1304	251	2571
1305	2	1875
1306	238	2906
1307	253	3075
1308	287	1894
1309	233	2336
1310	92	1464
1311	152	137
1312	202	1734
1313	76	89
1314	275	87
1315	238	130
1316	238	169
1317	238	186
1318	261	301
1319	238	483
1320	185	747
1321	162	1012
1322	176	1026
1323	238	1172
1324	160	1331
1325	179	1821
1326	160	1880
1327	295	2053
1328	277	2476
1329	238	2739
1330	251	2850
1331	84	2866
1332	238	864
1333	238	2240
1334	238	1345
1335	238	3078
1336	216	1465
1337	238	1570
1338	176	1886
1339	182	332
1340	251	61
1341	185	1946
1342	251	1199
1343	234	176
1344	37	986
1345	176	2492
1346	185	2984
1347	269	711
1348	287	1606
1349	116	2656
1350	92	1256
1351	176	1230
1352	81	934
1353	287	2535
1354	271	2274
1355	238	706
1356	238	1039
1357	200	2638
1358	76	751
1359	251	1922
1360	92	2351
1361	288	210
1362	271	1996
1363	49	391
1364	206	3014
1365	139	2637
1366	234	209
1367	266	2121
1368	185	188
1369	56	1553
1370	64	1800
1371	216	2917
1372	92	2931
1373	185	1697
1374	234	902
1375	295	1379
1376	216	2718
1377	68	1742
1378	216	1986
1379	220	3065
1380	107	2146
1381	238	636
1382	178	1243
1383	238	2255
1384	238	1992
1385	161	3057
1386	238	2251
1387	185	2923
1388	206	2046
1389	212	1334
1390	64	2201
1391	184	335
1392	251	557
1393	87	1684
1394	71	1804
1395	259	2626
1396	287	578
1397	238	1589
1398	176	2048
1399	176	1941
1400	238	1269
1401	259	1129
1402	238	1652
1403	212	3124
1404	238	2015
1405	108	412
1406	206	1560
1407	176	1566
1408	236	1571
1409	176	2329
1410	43	1888
1411	238	2770
1412	238	536
1413	275	2632
1414	176	1725
1415	234	3063
1416	43	330
1417	2	2768
1418	92	352
1419	185	703
1420	238	1851
1421	206	2689
1422	176	596
1423	70	750
1424	238	1247
1425	238	1602
1426	100	2297
1427	86	1152
1428	176	476
1429	185	964
1430	185	2090
1431	120	106
1432	187	1344
1433	295	1436
1434	286	2160
1435	238	318
1436	123	2557
1437	187	493
1438	176	647
1439	251	1309
1440	261	1584
1441	126	2138
1442	238	547
1443	251	825
1444	185	1295
1445	206	1884
1446	144	1900
1447	285	3105
1448	44	1392
1449	176	794
1450	61	2103
1451	247	2185
1452	185	2582
1453	47	470
1454	34	179
1455	45	1617
1456	160	1719
1457	151	2577
1458	292	2182
1459	238	3031
1460	176	2796
1461	275	2198
1462	254	3073
1463	278	457
1464	296	98
1465	297	567
1466	238	1187
1467	96	1925
1468	278	1206
1469	238	1625
1470	176	3114
1471	238	1361
1472	261	1896
1473	176	1156
1474	238	1682
1475	261	307
1476	238	1105
1477	238	1238
1478	238	100
1479	238	1207
1480	254	1076
1481	216	2069
1482	251	1764
1483	279	3021
1484	176	2861
1485	238	1740
1486	247	1417
1487	278	2059
1488	238	1818
1489	58	1055
1490	64	2398
1491	238	1565
1492	238	2091
1493	238	538
1494	185	2783
1495	251	2102
1496	261	1592
1497	238	2309
1498	238	830
1499	176	2751
1500	247	1561
1501	210	2353
1502	176	1812
1503	115	1574
1504	185	438
1505	271	2010
1506	271	2007
1507	271	2008
1508	271	2009
1509	271	1048
1510	271	1062
1511	271	1063
1512	271	1064
1513	271	1069
1514	271	1065
1515	271	1066
1516	271	1067
1517	271	1068
1518	271	1231
1519	271	1234
1520	271	1235
1521	271	1232
1522	271	1233
1523	271	2272
1524	271	1290
1525	271	544
1526	271	545
1527	271	546
1528	277	2225
1529	277	2226
1530	277	2227
1531	271	913
1532	271	911
1533	271	912
1534	45	1614
1535	45	1615
1536	45	1616
1537	195	1209
1538	195	1210
1539	115	1178
1540	29	1769
1541	176	2223
1542	292	2622
1543	291	1811
1544	210	223
1545	211	224
1546	2	2237
1547	160	1047
1548	162	35
1549	166	170
1550	171	214
1551	144	240
1552	64	2500
1553	251	707
1554	263	844
1555	238	1599
1556	57	1148
1557	247	2320
1558	251	1663
1559	277	790
1560	177	1722
1561	73	2465
1562	206	341
1563	160	1
1564	160	251
1565	144	351
1566	291	353
1567	160	358
1568	160	364
1569	107	496
1570	165	516
1571	160	620
1572	6	623
1573	160	695
1574	115	710
1575	176	769
1576	114	946
1577	119	1006
1578	159	1141
1579	144	1201
1580	200	1249
1581	107	1299
1582	107	1300
1583	160	1322
1584	165	1337
1585	110	1338
1586	214	1347
1587	106	1412
1588	106	1422
1589	92	1973
1590	167	2132
1591	176	211
1592	251	1181
1593	184	2404
1594	187	2289
1595	264	2104
1596	254	795
1597	238	940
1598	238	2897
1599	238	2778
1600	238	143
1601	176	4
1602	176	939
1603	238	1997
1604	261	1803
1605	247	389
1606	106	1496
1607	146	1506
1608	167	1532
1609	147	1577
1610	147	1642
1611	160	1825
1612	174	1910
1613	174	1985
1614	144	7
1615	239	2078
1616	150	2170
1617	122	2231
1618	144	2357
1619	144	2358
1620	175	2362
1621	152	2363
1622	116	2369
1623	33	2396
1624	160	2514
1625	152	2567
1626	173	2604
1627	160	2611
1628	101	2614
1629	193	2641
1630	126	2646
1631	146	2682
1632	106	2759
1633	238	2786
1634	24	2898
1635	261	2744
1636	277	1236
1637	206	1573
1638	176	1483
1639	183	730
1640	176	1744
1641	216	1185
1642	277	1192
1643	238	2112
1644	2	1429
1645	102	1673
1646	257	2018
1647	277	734
1648	271	1781
1649	243	1972
1650	277	684
1651	277	550
1652	144	95
1653	176	44
1654	251	901
1655	60	2583
1656	176	2450
1657	234	2454
1658	221	197
1659	238	203
1660	238	3051
1661	120	47
1662	176	3016
1663	134	793
1664	176	2044
1665	144	540
1666	149	3005
1667	144	2487
1668	172	713
1669	145	125
1670	145	126
1671	132	1610
1672	176	2560
1673	187	2250
1674	251	2647
1675	238	583
1676	195	1350
1677	195	1352
1678	176	1150
1679	176	1149
1680	160	69
1681	2	206
1682	251	1363
1683	176	2576
1684	185	305
1685	287	534
1686	229	1298
1687	229	1297
1688	277	2420
1689	115	1982
1690	115	1980
1691	195	198
1692	238	3122
1693	251	2370
1694	25	360
1695	251	701
1696	176	729
1697	43	3103
1698	187	1990
1699	133	1970
1700	192	284
1701	251	847
1702	295	2418
1703	212	936
1704	295	1058
1705	295	2869
1706	295	2872
1707	295	1761
1708	242	3101
1709	295	1736
1710	286	2900
1711	295	1383
1712	270	2701
1713	286	2648
1714	238	23
1715	143	1388
1716	238	3056
1717	23	3069
1718	57	2947
1719	176	787
1720	238	984
1721	238	2127
1722	260	1627
1723	270	2506
1724	295	2446
1725	176	1881
1726	286	2735
1727	204	1576
1728	295	2445
1729	295	2485
1730	295	1735
1731	206	2371
1732	286	1917
1733	295	359
1734	295	1660
1735	216	2426
1736	292	683
1737	238	2544
1738	238	3084
1739	185	2498
1740	185	2741
1741	238	1929
1742	176	585
1743	187	456
1744	185	3098
1745	176	1762
1746	187	2466
1747	176	1928
1748	238	1799
1749	185	1304
1750	48	2884
1751	176	3116
1752	275	2130
1753	206	2024
1754	206	363
1755	56	3079
1756	176	2074
1757	187	33
1758	295	2503
1759	238	3012
1760	120	2035
1761	206	484
1762	286	1876
1763	216	972
1764	238	1424
1765	238	2164
1766	238	2081
1767	92	2440
1768	33	2559
1769	238	2596
1770	63	2414
1771	277	2952
1772	215	587
1773	215	1869
1774	185	2150
1775	238	2531
1776	238	244
1777	238	1404
1778	176	974
1779	293	2794
1780	77	2805
1781	185	2202
1782	185	2672
1783	251	865
1784	238	2509
1785	144	162
1786	176	1408
1787	176	1999
1788	251	3024
1789	200	2269
1790	176	1320
1791	176	1932
1792	245	1965
1793	238	1690
1794	238	2563
1795	176	1327
1796	64	2080
1797	238	1829
1798	284	17
1799	238	549
1800	238	870
1801	238	295
1802	277	444
1803	251	2242
1804	176	1250
1805	259	174
1806	176	2205
1807	35	2595
1808	234	677
1809	185	1622
1810	176	2092
1811	271	2756
1812	271	2959
1813	238	118
1814	234	1245
1815	206	1655
1816	238	1151
1817	92	2541
1818	176	3004
1819	238	871
1820	238	2964
1821	273	1391
1822	206	1393
1823	287	1792
1824	238	705
1825	176	1254
1826	22	2437
1827	238	759
1828	292	2685
1829	1	2230
1830	238	2540
1831	212	1859
1832	238	2012
1833	185	326
1834	92	884
1835	145	2429
1836	145	472
1837	176	523
1838	238	531
1839	176	2987
1840	238	522
1841	176	2190
1842	238	1137
1843	86	1153
1844	86	1154
1845	86	1547
1846	25	1545
1847	25	1546
1848	206	763
1849	19	872
1850	176	1004
1851	176	1005
1852	2	2340
1853	185	1223
1854	176	1860
1855	1	2973
1856	275	1628
1857	176	2216
1858	176	2217
1859	176	2218
1860	176	2219
1861	176	2220
1862	176	2221
1863	160	213
1864	206	1332
1865	238	1486
1866	177	2967
1867	251	2681
1868	231	2277
1869	176	1650
1870	233	2545
1871	185	1462
1872	86	2665
1873	156	2256
1874	176	2441
1875	206	2517
1876	238	1772
1877	238	1838
1878	115	2458
1879	167	2243
1880	297	2118
1881	94	2316
1882	1	988
1883	94	2315
1884	13	1488
1885	13	2408
1886	210	603
1887	210	604
1888	64	2400
1889	64	2401
1890	64	2402
1891	64	2403
1892	202	600
1893	27	3121
1894	251	2976
1895	176	221
1896	185	1276
1897	176	2036
1898	259	917
1899	238	1522
1900	19	1521
1901	19	1520
1902	176	561
1903	206	3115
1904	215	1104
1905	187	2795
1906	73	2803
1907	275	930
1908	112	1827
1909	112	1826
1910	185	2140
1911	238	2686
1912	238	582
1913	238	815
1914	238	1377
1915	176	2772
1916	238	3067
1917	238	58
1918	238	159
1919	262	1305
1920	238	1318
1921	251	2204
1922	238	196
1923	295	1410
1924	185	2962
1925	275	2979
1926	119	1367
1927	271	1099
1928	239	419
1929	275	1016
1930	275	1017
1931	275	1015
1932	43	2439
1933	177	180
1934	271	2788
1935	271	2787
1936	271	1608
1937	271	2367
1938	176	2442
1939	238	292
1940	282	1964
1941	51	1505
1942	206	2153
1943	120	665
1944	120	666
1945	176	2877
1946	176	2617
1947	238	610
1948	81	22
1949	94	1275
1950	214	2819
1951	251	1949
1952	206	2690
1953	199	718
1954	206	2526
1955	244	2152
1956	92	2148
1957	206	2548
1958	176	13
1959	238	1259
1960	234	1590
1961	158	943
1962	206	365
1963	287	1805
1964	210	1937
1965	176	1145
1966	176	1474
1967	238	2047
1968	206	2054
1969	238	172
1970	185	15
1971	295	29
1972	187	2100
1973	176	440
1974	176	867
1975	215	1666
1976	238	236
1977	271	2167
1978	271	2168
1979	271	551
1980	271	558
1981	176	1998
1982	271	1358
1983	238	76
1984	238	77
1985	238	75
1986	259	2405
1987	64	2878
1988	76	104
1989	291	1808
1990	89	3022
1991	33	1661
1992	86	2199
1993	86	297
1994	86	264
1995	86	627
1996	86	893
1997	1	851
1998	176	136
1999	58	642
2000	238	676
2001	183	1659
2002	238	749
2003	271	2305
2004	86	3072
2005	277	1267
2006	259	733
2007	176	1930
2008	276	2974
2009	276	553
2010	176	215
2011	206	1034
2012	144	1549
2013	243	2322
2014	233	2902
2015	238	245
2016	278	1548
2017	144	812
2018	176	849
2019	56	1854
2020	251	133
2021	251	2991
2022	87	1777
2023	206	6
2024	238	2762
2025	176	2106
2026	238	827
2027	185	1810
2028	238	1020
2029	215	1142
2030	206	1978
2031	43	2918
2032	282	635
2033	251	1703
2034	183	1176
2035	176	1621
2036	187	1071
2037	238	1308
2038	176	1865
2039	252	2085
2040	185	2444
2041	206	1679
2042	176	2291
2043	176	869
2044	87	3125
2045	233	887
2046	195	1401
2047	238	1113
2048	238	1552
2049	238	2827
2050	238	3077
2051	238	1831
2052	76	2000
2053	138	1951
2054	56	777
2055	26	1909
2056	176	513
2057	251	2813
2058	251	3108
2059	192	1822
2060	238	60
2061	1	354
2062	187	862
2063	235	883
2064	24	2668
2065	206	1692
2066	238	302
2067	238	2462
2068	274	1907
2069	271	1908
2070	271	1904
2071	271	1905
2072	271	1906
2073	238	1858
2074	33	2727
2075	33	2728
2076	33	2729
2077	33	2730
2078	271	819
2079	271	820
2080	271	1354
2081	271	1355
2082	271	1045
2083	271	2612
2084	271	1122
2085	271	1046
2086	271	688
2087	271	2610
2088	271	3088
2089	275	2766
2090	197	2399
2091	184	1452
2092	291	2804
2093	291	1453
2094	90	2999
2095	291	1451
2096	275	1442
2097	291	850
2098	291	1454
2099	291	1856
2100	275	2737
2101	296	2232
2102	296	2434
2103	206	2039
2104	258	2811
2105	238	895
2106	238	1678
2107	187	2916
2108	259	1439
2109	234	469
2110	238	760
2111	207	1049
2112	238	1633
2113	176	202
2114	247	2342
2115	144	2767
2116	259	1102
2117	234	1110
2118	176	1399
2119	238	1611
2120	61	2433
2121	234	2891
2122	176	328
2123	176	783
2124	187	1952
2125	52	175
2126	154	2621
2127	91	3066
2128	238	2721
2129	251	1704
2130	176	120
2131	295	178
2132	287	204
2133	160	1913
2134	271	362
2135	238	1944
2136	238	920
2137	277	1581
2138	238	3097
2139	195	1123
2140	195	1124
2141	176	832
2142	277	1268
2143	6	1437
2144	287	2895
2145	87	748
2146	9	1953
2147	206	2436
2148	238	2919
2149	225	1542
2150	264	1537
2151	238	2628
2152	238	1662
2153	238	254
2154	238	20
2155	238	1502
2156	120	2970
2157	238	1877
2158	9	1160
2159	176	452
2160	1	190
2161	185	661
2162	238	609
2163	92	2023
2164	238	1967
2165	238	2096
2166	238	1846
2167	196	1648
2168	195	1649
2169	2	103
2170	247	1873
2171	185	2303
2172	176	1078
2173	202	2110
2174	295	282
2175	238	1630
2176	1	2996
2177	238	1044
2178	238	2206
2179	176	776
2180	144	1449
2181	295	2561
2182	92	2816
2183	224	2815
2184	185	55
2185	176	1405
2186	176	2687
2187	232	3109
2188	176	417
2189	238	458
2190	176	766
2191	238	84
2192	206	312
2193	238	1272
2194	234	1755
2195	176	1281
2196	195	2321
2197	271	2847
2198	271	2194
2199	271	1771
2200	271	2758
2201	176	1265
2202	271	518
2203	176	142
2204	271	699
2205	271	980
2206	176	74
2207	176	73
2208	195	128
2209	176	896
2210	176	2956
2211	176	1088
2212	192	323
2213	176	2267
2214	176	2268
2215	144	1643
2216	251	2095
2217	84	2779
2218	295	2154
2219	185	560
2220	206	1816
2221	212	2773
2222	86	2944
2223	176	1694
2224	157	2158
2225	92	1413
2226	234	2619
2227	94	1447
2228	94	1448
2229	94	40
2230	295	2824
2231	238	1239
2232	136	1790
2233	234	2067
2234	78	10
2235	292	195
2236	160	839
2237	185	1921
2238	238	488
2239	289	1707
2240	206	2969
2241	92	555
2242	176	2111
2243	206	283
2244	238	3020
2245	295	2688
2246	295	2692
2247	216	303
2248	206	350
2249	247	1837
2250	159	50
2251	238	2083
2252	238	2097
2253	185	2296
2254	139	2463
2255	238	2597
2256	271	619
2257	295	1389
2258	156	3112
2259	185	112
2260	234	2694
2261	176	388
2262	185	1024
2263	238	492
2264	200	1255
2265	176	2642
2266	176	2716
2267	238	468
2268	195	1072
2269	271	1073
2270	176	252
2271	140	755
2272	65	907
2273	176	2115
2274	248	2608
2275	144	2831
2276	245	2864
2277	9	2086
2278	9	2087
2279	92	809
2280	238	1470
2281	176	1903
2282	206	797
2283	251	1220
2284	160	49
2285	206	829
2286	176	1956
2287	261	2825
2288	176	1252
2289	64	2207
2290	251	2407
2291	297	108
2292	213	144
2293	272	714
2294	97	1221
2295	275	1863
2296	275	2172
2297	277	2279
2298	277	2280
2299	238	2308
2300	2	2457
2301	251	2318
2302	176	2732
2303	238	420
2304	57	1635
2305	176	1776
2306	176	2378
2307	34	2874
2308	233	395
2309	176	971
2310	251	3111
2311	251	548
2312	297	1312
2313	297	1246
2314	176	574
2315	43	836
2316	238	625
2317	185	1229
2318	251	451
2319	238	2325
2320	238	2343
2321	238	2841
2322	238	721
2323	238	983
2324	206	1575
2325	176	2719
2326	176	2120
2327	238	1733
2328	259	1991
2329	264	1128
2330	280	2620
2331	251	999
2332	251	1430
2333	94	786
2334	282	1830
2335	200	1294
2336	1	1164
2337	1	1077
2338	1	817
2339	127	386
2340	95	994
2341	233	1253
2342	160	1330
2343	63	2603
2344	238	977
2345	185	2697
2346	216	1491
2347	238	1503
2348	1	2060
2349	238	2698
2350	259	231
2351	133	2838
2352	251	1739
2353	126	995
2354	278	99
2355	261	2341
2356	176	660
2357	238	304
2358	243	454
2359	185	653
2360	206	2829
2361	238	397
2362	234	464
2363	295	1445
2364	234	2063
2365	62	2391
2366	62	2392
2367	103	3050
2368	238	1798
2369	1	1028
2370	1	1620
2371	1	1654
2372	277	2324
2373	1	2832
2374	238	581
2375	271	1359
2376	238	1923
2377	176	289
2378	287	826
2379	3	2261
2380	234	1926
2381	206	220
2382	295	404
2383	238	1435
2384	234	119
2385	295	1594
2386	238	2422
2387	238	2799
2388	195	446
2389	176	480
2390	295	613
2391	271	656
2392	271	657
2393	271	2326
2394	216	835
2395	64	935
2396	271	1085
2397	176	1103
2398	275	2193
2399	297	2425
2400	176	2760
2401	64	2005
2402	191	3113
2403	176	2354
2404	291	2061
2405	210	2625
2406	144	2388
2407	190	1849
2408	96	2298
2409	191	1639
2410	238	927
2411	176	2885
2412	176	1789
2413	283	725
2414	185	2171
2415	206	1423
2416	238	915
2417	176	2939
2418	213	1362
2419	238	1629
2420	238	164
2421	176	799
2422	261	1807
2423	144	2215
2424	295	969
2425	185	616
2426	200	1323
2427	73	1669
2428	295	2211
2429	295	2213
2430	296	2871
2431	185	3091
2432	238	2965
2433	238	866
2434	124	48
2435	238	2652
2436	176	1872
2437	251	2456
2438	297	1482
2439	295	2355
2440	176	1446
2441	234	21
2442	238	1619
2443	238	1752
2444	274	2570
2445	92	3099
2446	185	94
2447	176	1756
2448	176	2480
2449	176	1263
2450	238	322
2451	238	1774
2452	261	1516
2453	238	564
2454	262	1785
2455	251	1778
2456	238	1189
2457	176	1948
2458	206	2536
2459	238	1969
2460	206	2521
2461	238	2379
2462	295	956
2463	295	1469
2464	251	2654
2465	10	1820
2466	238	207
2467	251	614
2468	64	226
2469	187	993
2470	238	2381
2471	238	645
2472	238	2197
2473	238	2
2474	92	878
2475	145	2883
2476	238	1001
2477	254	2374
2478	238	2910
2479	176	789
2480	264	1321
2481	256	2460
2482	185	64
2483	238	880
2484	238	1328
2485	238	1753
2486	185	2740
2487	176	405
2488	176	697
2489	176	1144
2490	261	1188
2491	238	1204
2492	94	2481
2493	238	2680
2494	2	2769
2495	176	2818
2496	238	2924
2497	236	2932
2498	261	1288
2499	206	1136
2500	238	650
2501	176	767
2502	259	1208
2503	238	566
2504	238	2998
2505	238	1595
2506	23	24
2507	251	156
2508	188	321
2509	160	2709
2510	238	874
2511	152	942
2512	238	1723
2513	238	2082
2514	238	2870
2515	64	403
2516	238	506
2517	126	856
2518	238	933
2519	238	2415
2520	238	163
2521	185	1743
2522	124	1093
2523	250	2753
2524	176	1988
2525	238	1378
2526	238	150
2527	238	2851
2528	234	1882
2529	238	2810
2530	238	2586
2531	238	1132
2532	234	1624
2533	176	1934
2534	138	2731
2535	238	2784
2536	238	3007
2537	261	2649
2538	1	2248
2539	238	2126
2540	201	2117
2541	185	1591
2542	238	996
2543	295	726
2544	295	423
2545	287	62
2546	43	1657
2547	176	953
2548	238	680
2549	144	263
2550	238	115
2551	238	2655
2552	238	2210
2553	295	2113
2554	238	823
2555	238	505
2556	238	3123
2557	238	3089
2558	206	816
2559	295	2050
2560	176	3039
2561	295	919
2562	176	337
2563	176	685
2564	176	877
2565	206	1175
2566	238	1382
2567	238	1728
2568	177	2555
2569	176	2556
2570	295	1244
2571	238	92
2572	247	65
2573	238	2470
2574	176	3009
2575	176	3010
2576	185	1607
2577	92	2143
2578	69	400
2579	176	737
2580	251	947
2581	238	1368
2582	187	2553
2583	247	2920
2584	176	3047
2585	195	471
2586	56	1258
2587	45	1732
2588	92	1757
2589	43	2695
2590	137	1036
2591	238	691
2592	238	2052
2593	216	230
2594	273	2477
2595	1	2552
2596	43	409
2597	176	1222
2598	234	431
2599	176	781
2600	1	1836
2601	206	2798
2602	126	268
2603	176	2585
2604	144	2837
2605	238	2034
2606	238	2858
2607	238	402
2608	185	1248
2609	86	2195
2610	177	3054
2611	176	276
2612	216	384
2613	176	571
2614	187	576
2615	185	998
2616	176	798
2617	1	1530
2618	297	1741
2619	92	2345
2620	185	3093
2621	295	765
2622	238	1501
2623	206	1823
2624	176	834
2625	185	1987
2626	210	3028
2627	234	319
2628	216	1118
2629	238	3110
2630	238	2643
2631	238	1541
2632	218	1527
2633	234	1023
2634	296	669
2635	275	447
2636	176	411
2637	261	346
2638	187	140
2639	271	373
2640	106	539
2641	238	1979
2642	176	2163
2643	238	2313
2644	271	2926
2645	291	1845
2646	295	2020
2647	251	854
2648	206	753
2649	238	441
2650	238	1343
2651	176	473
2652	178	796
2653	185	117
2654	225	189
2655	297	2482
2656	38	3038
2657	296	772
2658	290	327
2659	259	309
2660	238	416
2661	94	448
2662	291	764
2663	238	2066
2664	1	2752
2665	176	2982
2666	247	1460
2667	176	3052
2668	176	1262
2669	2	1613
2670	176	3053
2671	176	2530
2672	192	715
2673	206	368
2674	176	1958
2675	160	1911
2676	160	1202
2677	160	1914
2678	160	2495
2679	144	3011
2680	138	217
2681	238	2912
2682	259	2312
2683	64	2849
2684	64	2004
2685	38	501
2686	238	890
2687	259	981
2688	185	2591
2689	96	271
2690	287	1689
2691	238	1841
2692	238	2894
2693	124	662
2694	64	2793
2695	177	2605
2696	259	5
2697	176	154
2698	206	2527
2699	238	2473
2700	185	792
2701	238	1853
2702	251	1508
2703	215	633
2704	238	535
2705	154	654
2706	64	738
2707	64	741
2708	64	739
2709	64	740
2710	64	742
2711	225	808
2712	251	846
2713	42	2774
2714	42	2775
2715	42	2776
2716	94	2337
2717	1	377
2718	286	922
2719	176	1086
2720	238	1168
2721	190	1170
2722	238	1171
2723	176	1217
2724	185	1218
2725	82	2410
2726	251	1303
2727	206	3032
2728	238	612
2729	238	2988
2730	243	1180
2731	129	1672
2732	176	1855
2733	292	2592
2734	192	1274
2735	262	1370
2736	238	1380
2737	238	1432
2738	126	758
2739	257	598
2740	176	1495
2741	292	2361
2742	251	2196
2743	273	1467
2744	185	875
2745	238	239
2746	132	1580
2747	238	1706
2748	176	1310
2749	144	2383
2750	295	2562
2751	291	768
2752	297	806
2753	131	1341
2754	176	1931
2755	96	2613
2756	142	2903
2757	185	2385
2758	238	1717
2759	176	1780
2760	238	1819
2761	271	1842
2762	185	1889
2763	206	1920
2764	238	1943
2765	257	2593
2766	185	1977
2767	295	2025
2768	185	2030
2769	176	2049
2770	297	2108
2771	238	357
2772	259	1059
2773	176	2327
2774	251	2368
2775	259	2430
2776	238	1490
2777	176	1787
2778	206	293
2779	259	879
2780	94	1032
2781	176	1366
2782	178	1955
2783	206	187
2784	176	219
2785	185	2133
2786	87	2245
2787	251	2257
2788	233	2239
2789	187	102
2790	176	1052
2791	176	18
2792	199	124
2793	206	1524
2794	185	3041
2795	176	852
2796	234	979
2797	288	2139
2798	185	782
2799	176	2516
2800	281	487
2801	259	3025
2802	238	2252
2803	185	200
2804	278	1225
2805	271	1374
2806	295	1754
2807	176	491
2808	259	1179
2809	251	1695
2810	92	2930
2811	185	2977
2812	295	1481
2813	238	1634
2814	185	617
2815	185	3040
2816	185	331
2817	176	413
2818	238	2579
2819	185	1400
2820	238	1596
2821	238	2839
2822	76	1306
2823	238	2925
2824	64	1135
2825	238	1384
2826	238	2950
2827	69	443
2828	141	1200
2829	238	1402
2830	271	1431
2831	216	1551
2832	176	1674
2833	185	1887
2834	86	265
2835	238	530
2836	176	2479
2837	176	3043
2838	238	1242
2839	200	139
2840	200	385
2841	278	1090
2842	278	1226
2843	245	1544
2844	278	2068
2845	176	2151
2846	145	2455
2847	135	2574
2848	176	2806
2849	206	1339
2850	144	784
2851	206	1675
2852	176	2382
2853	176	2578
2854	176	1326
2855	185	1957
2856	176	2914
2857	92	1848
2858	1	2523
2859	234	310
2860	176	26
2861	277	507
2862	73	1018
2863	176	1158
2864	176	1864
2865	1	2065
2866	295	2499
2867	1	2645
2868	238	2957
2869	83	1871
2870	1	1746
2871	185	1550
2872	73	978
2873	297	712
2874	238	591
2875	176	333
2876	238	116
2877	234	882
2878	73	1224
2879	238	379
2880	291	2294
2881	292	2293
2882	276	2284
2883	276	2286
2884	276	2287
2885	276	2285
2886	251	2411
2887	176	2677
2888	296	2696
2889	214	366
2890	106	298
2891	106	299
2892	106	1030
2893	278	3045
2894	243	889
2895	234	247
2896	238	1745
2897	234	746
2898	234	745
2899	297	1029
2900	297	1724
2901	241	376
2902	251	926
2903	187	2266
2904	295	1000
2905	176	2233
2906	176	2234
2907	176	2235
2908	176	2265
2909	195	586
2910	195	2881
2911	195	2880
2912	195	2879
2913	198	2001
2914	87	2246
2915	33	2438
2916	128	2674
2917	257	463
2918	223	88
2919	86	1713
2920	86	1714
2921	86	1715
2922	31	343
2923	266	147
2924	238	2016
2925	277	985
2926	271	2569
2927	43	42
2928	238	2461
2929	176	2590
2930	238	1668
2931	238	584
2932	176	477
2933	56	957
2934	56	1166
2935	234	121
2936	206	1702
2937	238	2723
2938	238	1240
2939	261	615
2940	156	122
2941	92	192
2942	195	1971
2943	295	2075
2944	56	2510
2945	247	632
2946	259	689
2947	271	1089
2948	238	2124
2949	238	2258
2950	216	2494
2951	238	325
2952	262	1665
2953	238	2717
2954	206	2899
2955	43	338
2956	216	233
2957	261	266
2958	206	422
2959	56	2511
2960	104	2848
2961	261	485
2962	238	1487
2963	238	2840
2964	145	543
2965	176	1788
2966	73	2144
2967	145	54
2968	37	2161
2969	238	1159
2970	258	618
2971	152	1083
2972	176	1526
2973	216	375
2974	63	924
2975	63	925
2976	251	1349
2977	94	1843
2978	94	1844
2979	94	426
2980	1	2833
2981	125	828
2982	2	1162
2983	176	1353
2984	152	1727
2985	152	1797
2986	291	2397
2987	56	2512
2988	56	2513
2989	216	672
2990	176	1531
2991	195	2469
2992	176	481
2993	176	2538
2994	247	381
2995	238	2147
2996	238	1213
2997	238	1022
2998	297	840
2999	86	3106
3000	185	562
3001	238	997
3002	288	3080
3003	295	3027
3004	144	2214
3005	247	138
3006	86	1053
3007	238	1195
3008	176	1227
3009	19	1562
3010	297	1711
3011	2	2549
3012	261	2927
3013	176	3023
3014	259	3048
3015	261	437
3016	176	904
3017	238	1440
3018	176	1696
3019	238	2055
3020	185	2099
3021	176	2761
3022	176	2043
3023	251	1131
3024	238	3096
3025	251	205
3026	238	649
3027	276	1324
3028	86	2623
3029	199	2278
3030	176	2464
3031	271	355
3032	275	428
3033	127	461
3034	295	679
3035	54	1525
3036	271	2173
3037	271	2174
3038	271	2175
3039	271	2283
3040	43	67
3041	271	2564
3042	238	2684
3043	238	141
3044	176	855
3045	271	1406
3046	259	2543
3047	295	2639
3048	176	1396
3049	176	2765
3050	238	2834
3051	251	66
3052	251	56
3053	295	367
3054	176	521
3055	234	923
3056	215	2089
3057	176	2352
3058	176	32
3059	292	525
3060	33	1155
3061	184	2093
3062	238	101
3063	176	1963
3064	176	1961
3065	238	2101
3066	262	2522
3067	238	2715
3068	214	514
3069	206	644
3070	23	2726
3071	291	3107
3072	1	185
3073	234	237
3074	176	453
3075	176	658
3076	206	1686
3077	238	2678
3078	23	1317
3079	212	2042
3080	238	2594
3081	233	3003
3082	233	3008
3083	185	105
3084	43	234
3085	185	659
3086	185	841
3087	238	1182
3088	238	2954
3089	215	2938
3090	271	2953
3091	206	3090
3092	245	702
3093	176	308
3094	185	274
3095	234	253
3096	238	460
3097	238	1133
3098	238	2348
3099	271	1291
3100	271	1289
3101	271	1292
3102	239	948
3103	176	267
3104	176	339
3105	275	2365
3106	176	2116
3107	176	2700
3108	138	2983
3109	138	944
3110	195	31
3111	176	246
3112	271	655
3113	275	1444
3114	291	1567
3115	271	1568
3116	259	2176
3117	292	2435
3118	176	241
3119	71	1112
3120	295	1111
3121	176	1796
3122	238	2356
3123	238	2836
3124	238	2922
3125	259	631
